[
  {
    "id": "21a3a467-8384-4a06-895a-6147867a4a05",
    "data": [
      {
        "text": "please ",
        "userDefined": false
      },
      {
        "text": "deliver",
        "meta": "@DeliveryType",
        "alias": "deliverytype",
        "userDefined": false
      },
      {
        "text": " it to my address",
        "userDefined": false
      }
    ],
    "isTemplate": false,
    "count": 0,
    "lang": "en",
    "updated": 0
  },
  {
    "id": "e3c071a8-3a33-40a4-8f1f-ee4d665d9713",
    "data": [
      {
        "text": "i will come and ",
        "userDefined": false
      },
      {
        "text": "pick it up",
        "meta": "@DeliveryType",
        "alias": "deliverytype",
        "userDefined": false
      },
      {
        "text": " myself",
        "userDefined": false
      }
    ],
    "isTemplate": false,
    "count": 0,
    "lang": "en",
    "updated": 0
  },
  {
    "id": "fd41661b-acbf-47ea-be05-d117848aad54",
    "data": [
      {
        "text": "dine",
        "meta": "@DeliveryType",
        "alias": "deliverytype",
        "userDefined": true
      },
      {
        "text": " is good in a restaurant",
        "userDefined": false
      }
    ],
    "isTemplate": false,
    "count": 0,
    "lang": "en",
    "updated": 0
  },
  {
    "id": "261baf40-2c92-4464-ad92-92f5054bf2e5",
    "data": [
      {
        "text": "i want to ",
        "userDefined": false
      },
      {
        "text": "pick it up",
        "meta": "@DeliveryType",
        "alias": "deliverytype",
        "userDefined": false
      }
    ],
    "isTemplate": false,
    "count": 0,
    "lang": "en",
    "updated": 0
  },
  {
    "id": "0156cb9a-2b35-45e6-989c-3f0cf802a2e8",
    "data": [
      {
        "text": "dine in",
        "meta": "@DeliveryType",
        "alias": "deliverytype",
        "userDefined": false
      },
      {
        "text": " is good",
        "userDefined": false
      }
    ],
    "isTemplate": false,
    "count": 0,
    "lang": "en",
    "updated": 0
  },
  {
    "id": "0746b171-7003-480f-9003-d5e631b599e7",
    "data": [
      {
        "text": "I want to ",
        "userDefined": false
      },
      {
        "text": "dine in",
        "meta": "@DeliveryType",
        "alias": "deliverytype",
        "userDefined": false
      }
    ],
    "isTemplate": false,
    "count": 0,
    "lang": "en",
    "updated": 0
  },
  {
    "id": "93274a92-c1bc-482e-82f5-2a27c8d1d5ee",
    "data": [
      {
        "text": "delivery",
        "meta": "@DeliveryType",
        "alias": "deliverytype",
        "userDefined": false
      }
    ],
    "isTemplate": false,
    "count": 0,
    "lang": "en",
    "updated": 0
  },
  {
    "id": "5bb15597-b767-4a75-b3a2-dea7fab9fb7d",
    "data": [
      {
        "text": "deliver",
        "meta": "@DeliveryType",
        "alias": "deliverytype",
        "userDefined": false
      }
    ],
    "isTemplate": false,
    "count": 0,
    "lang": "en",
    "updated": 0
  },
  {
    "id": "85f21b3f-720b-470a-86f5-38b8a3a4b1bd",
    "data": [
      {
        "text": "pick up",
        "meta": "@DeliveryType",
        "alias": "deliverytype",
        "userDefined": false
      }
    ],
    "isTemplate": false,
    "count": 0,
    "lang": "en",
    "updated": 0
  },
  {
    "id": "049e3cb3-b646-4e70-8f49-27f1c3df3c7d",
    "data": [
      {
        "text": "please ",
        "userDefined": false
      },
      {
        "text": "deliver",
        "meta": "@DeliveryType",
        "alias": "deliverytype",
        "userDefined": false
      },
      {
        "text": " it",
        "userDefined": false
      }
    ],
    "isTemplate": false,
    "count": 1,
    "lang": "en",
    "updated": 0
  },
  {
    "id": "3309d19f-01d9-4e93-894f-687363893f6a",
    "data": [
      {
        "text": "dinein",
        "meta": "@DeliveryType",
        "alias": "deliverytype",
        "userDefined": false
      }
    ],
    "isTemplate": false,
    "count": 0,
    "lang": "en",
    "updated": 0
  }
]