[
  {
    "id": "de72a1d7-10bb-411e-b950-f6a056700fb7",
    "data": [
      {
        "text": "my address is ",
        "userDefined": false
      },
      {
        "text": "235 ouellette street",
        "meta": "@sys.address",
        "alias": "address",
        "userDefined": true
      },
      {
        "text": " my phone number is ",
        "userDefined": false
      },
      {
        "text": "444-444-4444",
        "meta": "@sys.phone-number",
        "alias": "phone-number",
        "userDefined": false
      }
    ],
    "isTemplate": false,
    "count": 0,
    "lang": "en",
    "updated": 0
  },
  {
    "id": "2efb3a00-70dc-4355-afd4-5c329e11e18c",
    "data": [
      {
        "text": "my phone ",
        "userDefined": false
      },
      {
        "text": "555-555-5555",
        "meta": "@sys.phone-number",
        "alias": "phone-number",
        "userDefined": false
      }
    ],
    "isTemplate": false,
    "count": 0,
    "lang": "en",
    "updated": 0
  },
  {
    "id": "f89e4a30-7c89-4aa1-9ad0-63249f9ee925",
    "data": [
      {
        "text": "my phone number is ",
        "userDefined": false
      },
      {
        "text": "111-111-1111",
        "meta": "@sys.phone-number",
        "alias": "phone-number",
        "userDefined": false
      }
    ],
    "isTemplate": false,
    "count": 0,
    "lang": "en",
    "updated": 0
  },
  {
    "id": "b940ae00-4dfc-479e-abac-2beed248d1b8",
    "data": [
      {
        "text": "111-111-1111",
        "meta": "@sys.phone-number",
        "alias": "phone-number",
        "userDefined": false
      }
    ],
    "isTemplate": false,
    "count": 0,
    "lang": "en",
    "updated": 0
  },
  {
    "id": "b8436ce2-a36a-4b9d-af02-9534a64b9ac5",
    "data": [
      {
        "text": "223 university avenue",
        "meta": "@sys.address",
        "alias": "address",
        "userDefined": true
      }
    ],
    "isTemplate": false,
    "count": 0,
    "lang": "en",
    "updated": 0
  },
  {
    "id": "3bdf236e-94c6-484f-bb5b-3c7fb94a0ca5",
    "data": [
      {
        "text": "my address is ",
        "userDefined": false
      },
      {
        "text": "235 ouellette street",
        "meta": "@sys.address",
        "alias": "address",
        "userDefined": true
      }
    ],
    "isTemplate": false,
    "count": 0,
    "lang": "en",
    "updated": 0
  },
  {
    "id": "6c35a068-6ec9-4a88-983b-f51a79f74c15",
    "data": [
      {
        "text": "i am ",
        "userDefined": false
      },
      {
        "text": "smith",
        "meta": "@sys.person",
        "alias": "person",
        "userDefined": false
      }
    ],
    "isTemplate": false,
    "count": 0,
    "lang": "en",
    "updated": 0
  },
  {
    "id": "b15602ee-2ab6-4327-9e05-2297b5da3d4e",
    "data": [
      {
        "text": "it is for ",
        "userDefined": false
      },
      {
        "text": "john smith",
        "meta": "@sys.person",
        "alias": "person",
        "userDefined": false
      }
    ],
    "isTemplate": false,
    "count": 0,
    "lang": "en",
    "updated": 0
  },
  {
    "id": "69d8dac8-360d-445a-b931-02f4c0e45eef",
    "data": [
      {
        "text": "mary maple",
        "meta": "@sys.person",
        "alias": "person",
        "userDefined": false
      }
    ],
    "isTemplate": false,
    "count": 0,
    "lang": "en",
    "updated": 0
  },
  {
    "id": "28a73c0f-a50f-4ac7-a631-f1833a7881f0",
    "data": [
      {
        "text": "I am ",
        "userDefined": false
      },
      {
        "text": "paul green",
        "meta": "@sys.person",
        "alias": "person",
        "userDefined": false
      }
    ],
    "isTemplate": false,
    "count": 0,
    "lang": "en",
    "updated": 0
  },
  {
    "id": "0dcfa9e9-629c-42e3-9b93-fbcbf05d0ee4",
    "data": [
      {
        "text": "my name is ",
        "userDefined": false
      },
      {
        "text": "john smith",
        "meta": "@sys.person",
        "alias": "person",
        "userDefined": false
      }
    ],
    "isTemplate": false,
    "count": 0,
    "lang": "en",
    "updated": 0
  }
]