[
  {
    "id": "f4f68e74-e7de-46e1-a7b8-d0cc9b7c09ee",
    "data": [
      {
        "text": "any suggestions",
        "userDefined": false
      }
    ],
    "isTemplate": false,
    "count": 0,
    "lang": "en",
    "updated": 0
  },
  {
    "id": "e3f43e0d-1ce5-46f7-a20d-5da8d2b73bd8",
    "data": [
      {
        "text": "what do you suggest",
        "userDefined": false
      }
    ],
    "isTemplate": false,
    "count": 0,
    "lang": "en",
    "updated": 0
  },
  {
    "id": "b5016f35-e0cb-408c-a88a-f5af9bf6407f",
    "data": [
      {
        "text": "what is good",
        "userDefined": false
      }
    ],
    "isTemplate": false,
    "count": 0,
    "lang": "en",
    "updated": 0
  },
  {
    "id": "bae705ad-0a95-4607-8473-97ec33909aa8",
    "data": [
      {
        "text": "what do you have",
        "userDefined": false
      }
    ],
    "isTemplate": false,
    "count": 0,
    "lang": "en",
    "updated": 0
  },
  {
    "id": "301b15a4-ab1d-4907-82b9-a2731acdb89b",
    "data": [
      {
        "text": "any special deals",
        "userDefined": false
      }
    ],
    "isTemplate": false,
    "count": 0,
    "lang": "en",
    "updated": 0
  },
  {
    "id": "66d8237d-5eba-43c6-af8c-bff45e953db1",
    "data": [
      {
        "text": "today\u0027s",
        "meta": "@sys.date-time",
        "alias": "date-time",
        "userDefined": false
      },
      {
        "text": " dealtoday\u0027s offer",
        "userDefined": false
      }
    ],
    "isTemplate": false,
    "count": 0,
    "lang": "en",
    "updated": 0
  },
  {
    "id": "cab5d1d5-73f3-48c2-a3ad-8119514462e2",
    "data": [
      {
        "text": "today",
        "meta": "@sys.date-time",
        "alias": "date-time",
        "userDefined": false
      },
      {
        "text": "\u0027s deal",
        "userDefined": false
      }
    ],
    "isTemplate": false,
    "count": 0,
    "lang": "en",
    "updated": 0
  },
  {
    "id": "f5578c5c-d4ef-44f2-b848-78d82c2f2669",
    "data": [
      {
        "text": "special deal",
        "userDefined": false
      }
    ],
    "isTemplate": false,
    "count": 0,
    "lang": "en",
    "updated": 0
  },
  {
    "id": "0176a4f6-fa88-43d4-a3ee-2fb1e39abbe7",
    "data": [
      {
        "text": "daily offer",
        "userDefined": false
      }
    ],
    "isTemplate": false,
    "count": 0,
    "lang": "en",
    "updated": 0
  },
  {
    "id": "480e6d42-a116-422c-a41c-714a8e962482",
    "data": [
      {
        "text": "special offer",
        "userDefined": false
      }
    ],
    "isTemplate": false,
    "count": 0,
    "lang": "en",
    "updated": 0
  }
]