[
  {
    "value": "Beef",
    "synonyms": [
      "Beef"
    ]
  },
  {
    "value": "Spinach",
    "synonyms": [
      "Spinach"
    ]
  },
  {
    "value": "Pepperoni",
    "synonyms": [
      "Pepperoni"
    ]
  },
  {
    "value": "Bacon",
    "synonyms": [
      "Bacon"
    ]
  },
  {
    "value": "Sausage",
    "synonyms": [
      "Sausage"
    ]
  },
  {
    "value": "Chicken",
    "synonyms": [
      "Chicken"
    ]
  },
  {
    "value": "Black olives",
    "synonyms": [
      "Black olives"
    ]
  },
  {
    "value": "Onion",
    "synonyms": [
      "Onion"
    ]
  },
  {
    "value": "Mushroom",
    "synonyms": [
      "Mushroom"
    ]
  },
  {
    "value": "Tomato",
    "synonyms": [
      "Tomato"
    ]
  }
]