[
  {
    "value": "Small",
    "synonyms": [
      "Small",
      "S",
      "Tiny",
      "Small one"
    ]
  },
  {
    "value": "Medium",
    "synonyms": [
      "Medium",
      "M",
      "Mid",
      "Midsize",
      "Mid size"
    ]
  },
  {
    "value": "Large",
    "synonyms": [
      "Large",
      "L",
      "Big",
      "big one",
      "large one"
    ]
  },
  {
    "value": "X-large",
    "synonyms": [
      "X-large",
      "Extra large",
      "Very big",
      "bigget",
      "Largest"
    ]
  }
]