[
  {
    "value": "Coca-cola",
    "synonyms": [
      "Coca-cola",
      "coke",
      "pops",
      "coca cola"
    ]
  },
  {
    "value": "Pepsi",
    "synonyms": [
      "Pepsi"
    ]
  },
  {
    "value": "Water",
    "synonyms": [
      "Water"
    ]
  },
  {
    "value": "Canada-Dry",
    "synonyms": [
      "Canada-Dry",
      "canadadry",
      "canada dry"
    ]
  },
  {
    "value": "Fanta",
    "synonyms": [
      "Fanta"
    ]
  },
  {
    "value": "No drinks",
    "synonyms": [
      "No drinks",
      "nodrinks",
      "without drink",
      "not drink",
      "not drinks",
      "nothing",
      "no thank you",
      "no drink"
    ]
  }
]